,id,week,match_header,home_team,home_wins,home_losses,home_ties,home_pts,home_pts_output,home_blk,home_blk_output,home_3pm,home_3pm_output,home_stl,home_stl_output,home_ast,home_ast_output,home_reb,home_reb_output,home_to,home_to_output,away_team,away_wins,away_losses,away_ties,away_pts,away_pts_output,away_blk,away_blk_output,away_3pm,away_3pm_output,away_stl,away_stl_output,away_ast,away_ast_output,away_reb,away_reb_output,away_to,away_to_output,match_output
0,decebce67dc8bcc7db6c4f055ef09a82479e8338182714b0c4a2f12652bff3a6,1,Box Score(Team(Dallas Sem Mavericks) at Team(Porto Alegre Sacis)),Team(Porto Alegre Sacis),1,5,1,470.0,LOSS,31.0,LOSS,50.0,LOSS,43.0,WIN,105.0,LOSS,205.0,LOSS,64.0,TIE,Team(Dallas Sem Mavericks),5,1,1,585.0,WIN,32.0,WIN,57.0,WIN,30.0,LOSS,129.0,WIN,232.0,WIN,64.0,TIE,AWAY
1,fbdb0ccbac9881694fd85ca453fc4e7564b34bea019e0f3e6c9913785c4a7566,1,Box Score(Team(Jamallers) at Team(Red Devils)),Team(Red Devils),3,4,0,702.0,WIN,23.0,WIN,79.0,LOSS,36.0,LOSS,99.0,LOSS,185.0,LOSS,60.0,WIN,Team(Jamallers),4,3,0,691.0,LOSS,21.0,LOSS,82.0,WIN,38.0,WIN,145.0,WIN,207.0,WIN,96.0,LOSS,AWAY
2,47e2b753871f0d6f626532425769a96340eda9ea85ad94b1988f11e50f86656a,1,Box Score(Team(Miami Raters) at Team(FlaLakers)),Team(FlaLakers),5,2,0,530.0,WIN,39.0,WIN,45.0,LOSS,36.0,WIN,114.0,WIN,231.0,WIN,90.0,LOSS,Team(Miami Raters),2,5,0,515.0,LOSS,17.0,LOSS,68.0,WIN,32.0,LOSS,96.0,LOSS,156.0,LOSS,59.0,WIN,HOME
3,4b30bb0eaed314c3db6830bfd561abcb40c1751e99ef1411d4c0e57c83490cf5,1,Box Score(Team(Botafogo Trentini) at Team(Pestana's)),Team(Pestana's),4,3,0,692.0,WIN,20.0,LOSS,55.0,LOSS,37.0,WIN,164.0,WIN,253.0,WIN,100.0,LOSS,Team(Botafogo Trentini),3,4,0,642.0,LOSS,24.0,WIN,57.0,WIN,26.0,LOSS,153.0,LOSS,238.0,LOSS,91.0,WIN,HOME
4,b069e7bc7bf8ef33e172517c42291b1b494136acce3153ef47ca14b102ce8d6f,1,Box Score(Team(Spartans) at Team(Team Squirtle)),Team(Team Squirtle),2,5,0,421.0,LOSS,21.0,WIN,52.0,LOSS,28.0,LOSS,72.0,LOSS,160.0,WIN,50.0,LOSS,Team(Spartans),5,2,0,433.0,WIN,15.0,LOSS,59.0,WIN,39.0,WIN,112.0,WIN,138.0,LOSS,47.0,WIN,AWAY
5,017312bf81a77ec6949a6626797f2468c4e6c85b48a86d3993cbd269cdc06f3b,2,Box Score(Team(Miami Raters) at Team(Jamallers)),Team(Jamallers),3,4,0,767.0,WIN,21.0,LOSS,58.0,LOSS,51.0,WIN,173.0,LOSS,281.0,WIN,97.0,LOSS,Team(Miami Raters),4,3,0,755.0,LOSS,27.0,WIN,91.0,WIN,43.0,LOSS,196.0,WIN,239.0,LOSS,89.0,WIN,AWAY
6,d3bca01760bda955360fa1726925fe250e777e138624bd83b4b609f989cbd806,2,Box Score(Team(Porto Alegre Sacis) at Team(Botafogo Trentini)),Team(Botafogo Trentini),4,3,0,767.0,WIN,24.0,LOSS,84.0,WIN,35.0,LOSS,217.0,WIN,324.0,WIN,108.0,LOSS,Team(Porto Alegre Sacis),3,4,0,585.0,LOSS,38.0,WIN,49.0,LOSS,51.0,WIN,111.0,LOSS,243.0,LOSS,60.0,WIN,HOME
7,f91bbbae5b85e775a7d2bc5a14bf8f659ba8ade13572f9b667b6d33590566490,2,Box Score(Team(Dallas Sem Mavericks) at Team(Spartans)),Team(Spartans),3,4,0,629.0,LOSS,23.0,LOSS,75.0,WIN,49.0,LOSS,183.0,WIN,178.0,LOSS,61.0,WIN,Team(Dallas Sem Mavericks),4,3,0,750.0,WIN,31.0,WIN,68.0,LOSS,58.0,WIN,181.0,LOSS,337.0,WIN,97.0,LOSS,AWAY
8,35e87311004d9c819b12f68d497144d49a925b289d75eac747d6ff1785edeca9,2,Box Score(Team(Red Devils) at Team(Pestana's)),Team(Pestana's),6,1,0,937.0,WIN,28.0,WIN,109.0,WIN,60.0,WIN,207.0,WIN,325.0,WIN,114.0,LOSS,Team(Red Devils),1,6,0,700.0,LOSS,22.0,LOSS,77.0,LOSS,40.0,LOSS,140.0,LOSS,223.0,LOSS,75.0,WIN,HOME
9,c586c00f8ff3779abf554c56368f5827f1f796cad27a179b9452abcd5f54c731,2,Box Score(Team(FlaLakers) at Team(Team Squirtle)),Team(Team Squirtle),2,5,0,484.0,LOSS,15.0,LOSS,74.0,WIN,25.0,LOSS,118.0,LOSS,186.0,LOSS,48.0,WIN,Team(FlaLakers),5,2,0,745.0,WIN,27.0,WIN,68.0,LOSS,49.0,WIN,169.0,WIN,286.0,WIN,103.0,LOSS,AWAY
10,4f4aeb0fd3c235b5b354ac350f749320178af0de919fff8c1675e23d08d55b70,3,Box Score(Team(Spartans) at Team(Botafogo Trentini)),Team(Botafogo Trentini),5,2,0,789.0,WIN,24.0,WIN,82.0,WIN,40.0,LOSS,252.0,WIN,330.0,WIN,104.0,LOSS,Team(Spartans),2,5,0,675.0,LOSS,19.0,LOSS,66.0,LOSS,52.0,WIN,184.0,LOSS,183.0,LOSS,81.0,WIN,HOME
11,c3ea836e2ea1dc832535f8e8498b1cefcabfacc8a47dfac6a75ebfc5f620fc09,3,Box Score(Team(Pestana's) at Team(Jamallers)),Team(Jamallers),2,5,0,712.0,LOSS,18.0,LOSS,62.0,LOSS,48.0,WIN,167.0,LOSS,215.0,LOSS,101.0,WIN,Team(Pestana's),5,2,0,762.0,WIN,30.0,WIN,73.0,WIN,34.0,LOSS,190.0,WIN,231.0,WIN,102.0,LOSS,AWAY
12,972044a5c25efac32973c2f8ac98cad6f9d6e46a8aba6205d50342ff1f6c62d9,3,Box Score(Team(Team Squirtle) at Team(Miami Raters)),Team(Miami Raters),6,1,0,830.0,WIN,23.0,WIN,98.0,WIN,44.0,WIN,199.0,WIN,246.0,WIN,102.0,LOSS,Team(Team Squirtle),1,6,0,327.0,LOSS,15.0,LOSS,49.0,LOSS,18.0,LOSS,72.0,LOSS,114.0,LOSS,35.0,WIN,HOME
13,8d11b2fd0fa43b09c41508d9e49015696174e662296b589c01bca0118a53382e,3,Box Score(Team(Red Devils) at Team(Porto Alegre Sacis)),Team(Porto Alegre Sacis),5,2,0,740.0,LOSS,41.0,WIN,88.0,WIN,54.0,WIN,165.0,WIN,238.0,WIN,102.0,LOSS,Team(Red Devils),2,5,0,750.0,WIN,31.0,LOSS,78.0,LOSS,29.0,LOSS,156.0,LOSS,225.0,LOSS,82.0,WIN,HOME
14,e00f3f099fc8a6909805008ae87181a1d99d33450bb90d4868f37baa084bc66c,3,Box Score(Team(FlaLakers) at Team(Dallas Sem Mavericks)),Team(Dallas Sem Mavericks),5,2,0,801.0,WIN,37.0,WIN,80.0,LOSS,48.0,LOSS,181.0,WIN,328.0,WIN,86.0,WIN,Team(FlaLakers),2,5,0,791.0,LOSS,36.0,LOSS,87.0,WIN,54.0,WIN,150.0,LOSS,302.0,LOSS,112.0,LOSS,HOME
15,16c4e7d2bf45017fb39ab1037c3d4d472a059940ba5353f483b6886c32b7f7cc,4,Box Score(Team(Team Squirtle) at Team(Pestana's)),Team(Pestana's),6,1,0,725.0,WIN,37.0,WIN,69.0,WIN,42.0,WIN,200.0,WIN,253.0,WIN,94.0,LOSS,Team(Team Squirtle),1,6,0,352.0,LOSS,12.0,LOSS,44.0,LOSS,20.0,LOSS,82.0,LOSS,111.0,LOSS,54.0,WIN,HOME
16,8b4d555ee969fa388c13bf2a4bfbac85fa3da061f0d77f7f4c5fe4e2a148923a,4,Box Score(Team(Botafogo Trentini) at Team(Red Devils)),Team(Red Devils),3,4,0,830.0,WIN,23.0,LOSS,99.0,WIN,36.0,LOSS,135.0,LOSS,220.0,LOSS,76.0,WIN,Team(Botafogo Trentini),4,3,0,701.0,LOSS,30.0,WIN,78.0,LOSS,43.0,WIN,217.0,WIN,290.0,WIN,114.0,LOSS,AWAY
17,1050b7e50bccd87c14b03b60f53aec950444d45152f96d5b6621a3d54eab4d89,4,Box Score(Team(Spartans) at Team(FlaLakers)),Team(FlaLakers),6,1,0,851.0,WIN,40.0,WIN,64.0,WIN,67.0,WIN,169.0,WIN,302.0,WIN,110.0,LOSS,Team(Spartans),1,6,0,493.0,LOSS,15.0,LOSS,63.0,LOSS,30.0,LOSS,116.0,LOSS,125.0,LOSS,36.0,WIN,HOME
18,17481f9b5b53a3e54429caf3e9941108a279bb90d6bf01d548a768392b86385f,4,Box Score(Team(Jamallers) at Team(Porto Alegre Sacis)),Team(Porto Alegre Sacis),6,1,0,654.0,WIN,46.0,WIN,74.0,WIN,46.0,WIN,127.0,WIN,214.0,WIN,81.0,LOSS,Team(Jamallers),1,6,0,442.0,LOSS,8.0,LOSS,44.0,LOSS,37.0,LOSS,109.0,LOSS,157.0,LOSS,56.0,WIN,HOME
19,dd16d9591470f689e76543a42abb0e8e99688eea683e88b22a1325dc49d40978,4,Box Score(Team(Miami Raters) at Team(Dallas Sem Mavericks)),Team(Dallas Sem Mavericks),3,4,0,679.0,LOSS,28.0,WIN,73.0,LOSS,49.0,LOSS,168.0,WIN,292.0,WIN,79.0,LOSS,Team(Miami Raters),4,3,0,727.0,WIN,8.0,LOSS,112.0,WIN,50.0,WIN,165.0,LOSS,204.0,LOSS,78.0,WIN,AWAY
20,1787b9e3e54873474cb161b3c0e9031503336135404f096ced85624e66a0fe3a,5,Box Score(Team(FlaLakers) at Team(Red Devils)),Team(Red Devils),1,6,0,621.0,LOSS,14.0,LOSS,72.0,LOSS,26.0,LOSS,131.0,WIN,189.0,LOSS,71.0,LOSS,Team(FlaLakers),6,1,0,698.0,WIN,24.0,WIN,83.0,WIN,39.0,WIN,113.0,LOSS,291.0,WIN,70.0,WIN,AWAY
21,cbefa090cdd65dbb8abb176a21160fb40f9e1a034910f1353d377390c15dca0c,5,Box Score(Team(Porto Alegre Sacis) at Team(Pestana's)),Team(Pestana's),2,5,0,698.0,WIN,21.0,LOSS,52.0,LOSS,39.0,LOSS,197.0,WIN,225.0,LOSS,92.0,LOSS,Team(Porto Alegre Sacis),5,2,0,653.0,LOSS,47.0,WIN,82.0,WIN,45.0,WIN,133.0,LOSS,255.0,WIN,79.0,WIN,AWAY
22,92362cf146dc78c1aa0f6f3bd651f0a40e410d063b107678530e0a842b064ca5,5,Box Score(Team(Dallas Sem Mavericks) at Team(Team Squirtle)),Team(Team Squirtle),1,6,0,451.0,LOSS,17.0,LOSS,73.0,LOSS,26.0,LOSS,83.0,LOSS,108.0,LOSS,48.0,WIN,Team(Dallas Sem Mavericks),6,1,0,792.0,WIN,34.0,WIN,96.0,WIN,62.0,WIN,169.0,WIN,322.0,WIN,93.0,LOSS,AWAY
23,59a8511fd4a618e66441b5a0b7b843c1ff95d583bb2022e1179d44046b3ff873,5,Box Score(Team(Jamallers) at Team(Botafogo Trentini)),Team(Botafogo Trentini),4,2,1,536.0,WIN,18.0,TIE,64.0,WIN,26.0,LOSS,146.0,WIN,212.0,WIN,68.0,LOSS,Team(Jamallers),2,4,1,483.0,LOSS,18.0,TIE,50.0,LOSS,38.0,WIN,123.0,LOSS,168.0,LOSS,56.0,WIN,HOME
24,e640272a43643f2c26c9caca80ea092dc81a7c1320071ce053613197da9020dc,5,Box Score(Team(Miami Raters) at Team(Spartans)),Team(Spartans),1,5,1,522.0,LOSS,25.0,TIE,52.0,LOSS,33.0,LOSS,192.0,WIN,187.0,LOSS,79.0,LOSS,Team(Miami Raters),5,1,1,577.0,WIN,25.0,TIE,64.0,WIN,36.0,WIN,140.0,LOSS,208.0,WIN,64.0,WIN,AWAY
25,fb92e1018d4c31d0dd11f841386bfe115ebf3689a8f3c0b0256bdee1bf1d76fa,6,Box Score(Team(Jamallers) at Team(Dallas Sem Mavericks)),Team(Dallas Sem Mavericks),6,1,0,779.0,WIN,35.0,WIN,91.0,WIN,53.0,WIN,182.0,WIN,320.0,WIN,100.0,LOSS,Team(Jamallers),1,6,0,550.0,LOSS,17.0,LOSS,55.0,LOSS,39.0,LOSS,149.0,LOSS,182.0,LOSS,74.0,WIN,HOME
26,55fc0dfa9b4a8ebff3c3edc509426176ab663c9d7570037b871fe4dd9ba1857b,6,Box Score(Team(Botafogo Trentini) at Team(Miami Raters)),Team(Miami Raters),3,4,0,628.0,LOSS,23.0,WIN,87.0,WIN,37.0,LOSS,127.0,LOSS,202.0,LOSS,64.0,WIN,Team(Botafogo Trentini),4,3,0,695.0,WIN,18.0,LOSS,56.0,LOSS,49.0,WIN,224.0,WIN,327.0,WIN,95.0,LOSS,AWAY
27,269a2c49fee22538ed006320403efd8998e2eb20e7748dbaa66d2d8004a0942e,6,Box Score(Team(Pestana's) at Team(Spartans)),Team(Spartans),2,5,0,554.0,LOSS,19.0,WIN,58.0,LOSS,31.0,LOSS,152.0,LOSS,172.0,LOSS,72.0,WIN,Team(Pestana's),5,2,0,711.0,WIN,18.0,LOSS,87.0,WIN,35.0,WIN,189.0,WIN,205.0,WIN,90.0,LOSS,AWAY
28,3bf1018e8dd1654c2c4819c3db96deedb2c5a63b3bcf4be7be045a64167120b2,6,Box Score(Team(Red Devils) at Team(Team Squirtle)),Team(Team Squirtle),1,6,0,274.0,LOSS,4.0,LOSS,33.0,LOSS,27.0,LOSS,92.0,LOSS,78.0,LOSS,25.0,WIN,Team(Red Devils),6,1,0,835.0,WIN,26.0,WIN,90.0,WIN,35.0,WIN,178.0,WIN,245.0,WIN,82.0,LOSS,AWAY
29,e24f214a6dfa3858ffb9ecbb8b54089896d2d0c22e24a18ce88c421cc0387a8b,6,Box Score(Team(Porto Alegre Sacis) at Team(FlaLakers)),Team(FlaLakers),4,3,0,753.0,LOSS,62.0,WIN,70.0,LOSS,43.0,WIN,184.0,WIN,322.0,WIN,105.0,LOSS,Team(Porto Alegre Sacis),3,4,0,781.0,WIN,45.0,LOSS,91.0,WIN,37.0,LOSS,149.0,LOSS,313.0,LOSS,83.0,WIN,HOME
30,56d1c3f401c9f8d33bd04c2f8fb13f4b099783527b528f4a3c261df0548c00e3,7,Box Score(Team(Dallas Sem Mavericks) at Team(Botafogo Trentini)),Team(Botafogo Trentini),4,3,0,901.0,WIN,26.0,LOSS,86.0,LOSS,55.0,WIN,279.0,WIN,370.0,WIN,120.0,LOSS,Team(Dallas Sem Mavericks),3,4,0,757.0,LOSS,31.0,WIN,88.0,WIN,50.0,LOSS,147.0,LOSS,297.0,LOSS,86.0,WIN,HOME
31,679c3ea9d90be330ab358a1765358d9dd8777d2083bcf81464cfa77a35a4bbe1,7,Box Score(Team(Miami Raters) at Team(Pestana's)),Team(Pestana's),2,5,0,706.0,LOSS,18.0,LOSS,65.0,LOSS,43.0,LOSS,169.0,LOSS,254.0,WIN,97.0,WIN,Team(Miami Raters),5,2,0,734.0,WIN,19.0,WIN,102.0,WIN,56.0,WIN,230.0,WIN,253.0,LOSS,109.0,LOSS,AWAY
32,efc516896c8d3499f772d68aa7cce6f7d1b115b03a9e2ac2f449420b68cab20f,7,Box Score(Team(Spartans) at Team(Red Devils)),Team(Red Devils),5,2,0,790.0,WIN,27.0,WIN,85.0,WIN,46.0,WIN,145.0,LOSS,244.0,WIN,84.0,LOSS,Team(Spartans),2,5,0,509.0,LOSS,16.0,LOSS,51.0,LOSS,28.0,LOSS,157.0,WIN,155.0,LOSS,73.0,WIN,HOME
33,90d5736cc4d79ef9a9cf96e9f7cf63bc19e26d009e93aa05a3bbb60b0dfb934e,7,Box Score(Team(Team Squirtle) at Team(Porto Alegre Sacis)),Team(Porto Alegre Sacis),6,1,0,781.0,WIN,54.0,WIN,107.0,WIN,64.0,WIN,159.0,WIN,246.0,WIN,98.0,LOSS,Team(Team Squirtle),1,6,0,302.0,LOSS,14.0,LOSS,51.0,LOSS,16.0,LOSS,73.0,LOSS,80.0,LOSS,37.0,WIN,HOME
34,d8cd9e0ec35ac3aaf83ae934860ca36c50e3bb008324242d4a8d00746cf3d6ac,7,Box Score(Team(FlaLakers) at Team(Jamallers)),Team(Jamallers),1,6,0,629.0,LOSS,20.0,LOSS,50.0,LOSS,41.0,LOSS,117.0,LOSS,193.0,LOSS,70.0,WIN,Team(FlaLakers),6,1,0,758.0,WIN,42.0,WIN,83.0,WIN,71.0,WIN,176.0,WIN,290.0,WIN,98.0,LOSS,AWAY
35,809576cc6b46fb79bcb0ec3ae607a2932726196be0cba943360c6ab6a6cb4369,8,Box Score(Team(Pestana's) at Team(Dallas Sem Mavericks)),Team(Dallas Sem Mavericks),2,5,0,367.0,LOSS,10.0,LOSS,41.0,LOSS,17.0,LOSS,90.0,WIN,119.0,LOSS,47.0,WIN,Team(Pestana's),5,2,0,415.0,WIN,22.0,WIN,42.0,WIN,27.0,WIN,86.0,LOSS,163.0,WIN,61.0,LOSS,AWAY
36,4b8d7e85a8732bae05dad15d0c8da1493a52d51c23f8202f217428e5ee918e0f,8,Box Score(Team(Red Devils) at Team(Miami Raters)),Team(Miami Raters),2,5,0,270.0,LOSS,9.0,LOSS,31.0,LOSS,27.0,WIN,101.0,WIN,106.0,LOSS,46.0,LOSS,Team(Red Devils),5,2,0,479.0,WIN,27.0,WIN,56.0,WIN,22.0,LOSS,91.0,LOSS,166.0,WIN,43.0,WIN,AWAY
37,93553685bdbab28cea2a9ebc7a3adcf04aa49626d1666c516b852ace57e665ff,8,Box Score(Team(Porto Alegre Sacis) at Team(Spartans)),Team(Spartans),0,6,1,339.0,LOSS,6.0,LOSS,54.0,LOSS,28.0,LOSS,89.0,LOSS,83.0,LOSS,45.0,TIE,Team(Porto Alegre Sacis),6,0,1,424.0,WIN,22.0,WIN,60.0,WIN,33.0,WIN,92.0,WIN,161.0,WIN,45.0,TIE,AWAY
38,7809b00aea08ae6a912b29f448d1d74cdc47a6f4eeb25eaf0fe77f7b7fb230bc,8,Box Score(Team(Jamallers) at Team(Team Squirtle)),Team(Team Squirtle),1,6,0,93.0,LOSS,1.0,LOSS,11.0,LOSS,11.0,LOSS,26.0,LOSS,42.0,LOSS,18.0,WIN,Team(Jamallers),6,1,0,189.0,WIN,3.0,WIN,20.0,WIN,13.0,WIN,41.0,WIN,63.0,WIN,27.0,LOSS,AWAY
39,5afa3f6ce2e84beefc3b2707a89598fb30bf180e96eef0d173b98c2def60bad3,8,Box Score(Team(Botafogo Trentini) at Team(FlaLakers)),Team(FlaLakers),2,5,0,392.0,LOSS,31.0,WIN,36.0,LOSS,25.0,LOSS,104.0,LOSS,199.0,LOSS,50.0,WIN,Team(Botafogo Trentini),5,2,0,454.0,WIN,20.0,LOSS,39.0,WIN,34.0,WIN,115.0,WIN,200.0,WIN,72.0,LOSS,AWAY
40,d519adf1f9caee49ce02efc3b718f999b8ee0e3ceb90959c6cd85dcd5073d7f4,9,Box Score(Team(Dallas Sem Mavericks) at Team(Red Devils)),Team(Red Devils),2,5,0,497.0,LOSS,23.0,WIN,62.0,LOSS,24.0,LOSS,102.0,LOSS,158.0,LOSS,58.0,WIN,Team(Dallas Sem Mavericks),5,2,0,582.0,WIN,20.0,LOSS,76.0,WIN,32.0,WIN,148.0,WIN,194.0,WIN,78.0,LOSS,AWAY
41,942b329914569ab9a3bbd2270535d9873965fca08295fe4cf04ede3c320d078a,9,Box Score(Team(Pestana's) at Team(Porto Alegre Sacis)),Team(Porto Alegre Sacis),3,4,0,367.0,LOSS,26.0,WIN,49.0,WIN,36.0,LOSS,67.0,LOSS,142.0,LOSS,50.0,WIN,Team(Pestana's),4,3,0,470.0,WIN,15.0,LOSS,43.0,LOSS,37.0,WIN,94.0,WIN,162.0,WIN,54.0,LOSS,AWAY
42,b255553728a5bceecf1f9276896665db0af234edfd0701926937937ad5640052,9,Box Score(Team(FlaLakers) at Team(Miami Raters)),Team(Miami Raters),4,3,0,627.0,WIN,22.0,LOSS,79.0,WIN,40.0,LOSS,135.0,WIN,211.0,LOSS,78.0,WIN,Team(FlaLakers),3,4,0,521.0,LOSS,29.0,WIN,47.0,LOSS,50.0,WIN,134.0,LOSS,216.0,WIN,87.0,LOSS,HOME
43,26c32ea05f9ae54753f6bea6340dd5586a5fea1e44c7991dd6b2b5b1d2a4ef0a,9,Box Score(Team(Botafogo Trentini) at Team(Jamallers)),Team(Jamallers),1,6,0,304.0,LOSS,4.0,LOSS,21.0,LOSS,24.0,LOSS,113.0,LOSS,95.0,LOSS,57.0,WIN,Team(Botafogo Trentini),6,1,0,536.0,WIN,22.0,WIN,46.0,WIN,42.0,WIN,166.0,WIN,252.0,WIN,78.0,LOSS,AWAY
44,0965feec24fc0241394fe787f8ad4d225b821c72a129b51bebfcbecb6678b8d4,9,Box Score(Team(Team Squirtle) at Team(Spartans)),Team(Spartans),3,4,0,258.0,LOSS,13.0,WIN,27.0,LOSS,25.0,WIN,64.0,LOSS,83.0,WIN,39.0,LOSS,Team(Team Squirtle),4,3,0,293.0,WIN,11.0,LOSS,38.0,WIN,17.0,LOSS,67.0,WIN,71.0,LOSS,32.0,WIN,AWAY
45,14e7a13d04be01f3742b1be4ff0a07daef0526a294e2fe3a9c67bbc9c74ad352,10,Box Score(Team(Miami Raters) at Team(Porto Alegre Sacis)),Team(Porto Alegre Sacis),2,5,0,770.0,LOSS,45.0,WIN,93.0,LOSS,36.0,LOSS,166.0,LOSS,256.0,WIN,97.0,LOSS,Team(Miami Raters),5,2,0,817.0,WIN,26.0,LOSS,95.0,WIN,54.0,WIN,178.0,WIN,230.0,LOSS,87.0,WIN,AWAY
46,cd2fb823519db02a94ecb20fdc87b314760c2b4177f93111410f7a9053fa3ee7,10,Box Score(Team(Red Devils) at Team(Jamallers)),Team(Jamallers),1,6,0,571.0,LOSS,6.0,LOSS,54.0,LOSS,34.0,LOSS,130.0,LOSS,171.0,LOSS,54.0,WIN,Team(Red Devils),6,1,0,828.0,WIN,37.0,WIN,91.0,WIN,40.0,WIN,160.0,WIN,254.0,WIN,83.0,LOSS,AWAY
47,6a819a8d4e42cd1fa10bb996de74fa08e5f950bc6f1f22df64a975e676fa5d70,10,Box Score(Team(Spartans) at Team(Dallas Sem Mavericks)),Team(Dallas Sem Mavericks),4,2,1,601.0,WIN,22.0,LOSS,65.0,TIE,34.0,WIN,177.0,WIN,214.0,WIN,62.0,LOSS,Team(Spartans),2,4,1,510.0,LOSS,23.0,WIN,65.0,TIE,30.0,LOSS,142.0,LOSS,147.0,LOSS,61.0,WIN,HOME
48,a2965790e02fe88062aa7024d44bab5729b8010cab7c364360b2c4ba2ed4dc9b,10,Box Score(Team(Pestana's) at Team(Botafogo Trentini)),Team(Botafogo Trentini),6,1,0,688.0,WIN,26.0,WIN,69.0,WIN,33.0,WIN,213.0,WIN,266.0,WIN,112.0,LOSS,Team(Pestana's),1,6,0,602.0,LOSS,21.0,LOSS,58.0,LOSS,30.0,LOSS,139.0,LOSS,223.0,LOSS,86.0,WIN,HOME
49,74cda369056f78bfbe5251a52a766c2339959ce341ca0e4111886ce7246fbf73,10,Box Score(Team(Team Squirtle) at Team(FlaLakers)),Team(FlaLakers),5,2,0,607.0,WIN,32.0,WIN,45.0,LOSS,45.0,WIN,139.0,WIN,291.0,WIN,73.0,LOSS,Team(Team Squirtle),2,5,0,391.0,LOSS,12.0,LOSS,60.0,WIN,23.0,LOSS,75.0,LOSS,104.0,LOSS,52.0,WIN,HOME
50,45d9bc44c62a9076df3c4bb56154f7f824f98cd1e37804adf9ebb2133da065a0,11,Box Score(Team(Spartans) at Team(Jamallers)),Team(Jamallers),1,6,0,355.0,LOSS,7.0,LOSS,31.0,LOSS,22.0,LOSS,97.0,LOSS,151.0,LOSS,49.0,WIN,Team(Spartans),6,1,0,504.0,WIN,19.0,WIN,59.0,WIN,38.0,WIN,143.0,WIN,163.0,WIN,80.0,LOSS,AWAY
51,93daf51614a5cc23a7a73af34d6b0cca03fc8d5f8cb380090705f7ba2869351d,11,Box Score(Team(Botafogo Trentini) at Team(Porto Alegre Sacis)),Team(Porto Alegre Sacis),2,5,0,670.0,LOSS,29.0,LOSS,88.0,LOSS,57.0,WIN,121.0,LOSS,253.0,LOSS,87.0,WIN,Team(Botafogo Trentini),5,2,0,931.0,WIN,41.0,WIN,108.0,WIN,44.0,LOSS,294.0,WIN,374.0,WIN,121.0,LOSS,AWAY
52,ed4aa1fbd67b602a5e5f6bc593752992354ae67fa81c00134adaa1210d995aeb,11,Box Score(Team(Miami Raters) at Team(Team Squirtle)),Team(Team Squirtle),1,6,0,453.0,LOSS,10.0,LOSS,50.0,LOSS,32.0,LOSS,106.0,LOSS,142.0,LOSS,57.0,WIN,Team(Miami Raters),6,1,0,572.0,WIN,12.0,WIN,74.0,WIN,37.0,WIN,131.0,WIN,203.0,WIN,70.0,LOSS,AWAY
53,80d8a9f673fe8e338070e2f16e2042804882375c98839c6d186461e97ed209dd,11,Box Score(Team(Pestana's) at Team(Red Devils)),Team(Red Devils),5,2,0,931.0,WIN,21.0,WIN,87.0,WIN,42.0,LOSS,175.0,WIN,334.0,WIN,97.0,LOSS,Team(Pestana's),2,5,0,693.0,LOSS,17.0,LOSS,75.0,LOSS,45.0,WIN,153.0,LOSS,194.0,LOSS,96.0,WIN,HOME
54,9bdc0a726efcccecaa8f559a0a758aa71553e6a74c45fbd5e4c090a8b6e5ff37,11,Box Score(Team(Dallas Sem Mavericks) at Team(FlaLakers)),Team(FlaLakers),3,4,0,775.0,WIN,39.0,WIN,70.0,LOSS,50.0,WIN,143.0,LOSS,295.0,LOSS,101.0,LOSS,Team(Dallas Sem Mavericks),4,3,0,768.0,LOSS,35.0,LOSS,73.0,WIN,49.0,LOSS,190.0,WIN,309.0,WIN,76.0,WIN,AWAY
55,0256c8ae784e94e1069caaef99d21acbfc61e563ab1bbb2bacfa1eeb1b7130d2,12,Box Score(Team(Team Squirtle) at Team(Botafogo Trentini)),Team(Botafogo Trentini),6,1,0,749.0,WIN,23.0,WIN,67.0,WIN,60.0,WIN,217.0,WIN,355.0,WIN,109.0,LOSS,Team(Team Squirtle),1,6,0,395.0,LOSS,13.0,LOSS,66.0,LOSS,31.0,LOSS,96.0,LOSS,137.0,LOSS,45.0,WIN,HOME
56,25489212c7915ade62576d16765bff0d47430ce9b561e754efb077b9dc7abaf6,12,Box Score(Team(Jamallers) at Team(Pestana's)),Team(Pestana's),6,1,0,705.0,WIN,32.0,WIN,58.0,WIN,31.0,WIN,174.0,WIN,223.0,WIN,78.0,LOSS,Team(Jamallers),1,6,0,346.0,LOSS,9.0,LOSS,27.0,LOSS,30.0,LOSS,125.0,LOSS,143.0,LOSS,46.0,WIN,HOME
57,55c9b274b9098bdc517a3cc25ae1aafdc550e42d81a78b09e5a6841884fcb692,12,Box Score(Team(FlaLakers) at Team(Spartans)),Team(Spartans),3,4,0,422.0,LOSS,15.0,LOSS,41.0,LOSS,36.0,WIN,109.0,WIN,151.0,LOSS,61.0,WIN,Team(FlaLakers),4,3,0,470.0,WIN,27.0,WIN,48.0,WIN,32.0,LOSS,96.0,LOSS,205.0,WIN,65.0,LOSS,AWAY
58,16f51c627e5d00babb2c880c292172929b42683e2bb512e4cf9819387fe11399,12,Box Score(Team(Porto Alegre Sacis) at Team(Red Devils)),Team(Red Devils),3,4,0,799.0,WIN,32.0,LOSS,77.0,LOSS,34.0,LOSS,184.0,WIN,238.0,LOSS,68.0,WIN,Team(Porto Alegre Sacis),4,3,0,714.0,LOSS,38.0,WIN,90.0,WIN,51.0,WIN,144.0,LOSS,247.0,WIN,77.0,LOSS,AWAY
59,4b7bcf42c90e0b3ce37039788fd3b5533192608a4f6b924c0e4112f8a41411d1,12,Box Score(Team(Dallas Sem Mavericks) at Team(Miami Raters)),Team(Miami Raters),2,5,0,732.0,LOSS,24.0,LOSS,98.0,WIN,33.0,LOSS,136.0,LOSS,222.0,LOSS,69.0,WIN,Team(Dallas Sem Mavericks),5,2,0,874.0,WIN,35.0,WIN,78.0,LOSS,47.0,WIN,212.0,WIN,294.0,WIN,99.0,LOSS,AWAY
60,783b4d2e8219c8098b3bbc21c050f5c92a16b3c9906cd21b0723b915e3a70bb3,13,Box Score(Team(FlaLakers) at Team(Pestana's)),Team(Pestana's),1,6,0,714.0,LOSS,19.0,LOSS,73.0,LOSS,32.0,LOSS,164.0,WIN,232.0,LOSS,89.0,LOSS,Team(FlaLakers),6,1,0,808.0,WIN,37.0,WIN,82.0,WIN,52.0,WIN,156.0,LOSS,272.0,WIN,76.0,WIN,AWAY
61,cb3be215107dfd76f712fa99b53307014f041d70c11e66e6504bac6fef93b58a,13,Box Score(Team(Red Devils) at Team(Botafogo Trentini)),Team(Botafogo Trentini),3,4,0,793.0,LOSS,27.0,LOSS,70.0,LOSS,60.0,WIN,233.0,WIN,309.0,WIN,115.0,LOSS,Team(Red Devils),4,3,0,865.0,WIN,36.0,WIN,94.0,WIN,46.0,LOSS,147.0,LOSS,259.0,LOSS,76.0,WIN,AWAY
62,1685e3dcd9b9429f8535897f831a56a89ddda126545c5d6c0f6be5809b8bad1e,13,Box Score(Team(Team Squirtle) at Team(Dallas Sem Mavericks)),Team(Dallas Sem Mavericks),5,2,0,603.0,WIN,28.0,WIN,46.0,LOSS,37.0,WIN,146.0,WIN,250.0,WIN,81.0,LOSS,Team(Team Squirtle),2,5,0,460.0,LOSS,15.0,LOSS,65.0,WIN,28.0,LOSS,92.0,LOSS,110.0,LOSS,51.0,WIN,HOME
63,b73f411d1d47c957b0a6be34e7287b9de00bd7d41edd04eeca0cdc42daba1fb0,13,Box Score(Team(Porto Alegre Sacis) at Team(Jamallers)),Team(Jamallers),1,6,0,253.0,LOSS,9.0,LOSS,22.0,LOSS,24.0,LOSS,104.0,LOSS,122.0,LOSS,41.0,WIN,Team(Porto Alegre Sacis),6,1,0,693.0,WIN,37.0,WIN,99.0,WIN,40.0,WIN,132.0,WIN,251.0,WIN,69.0,LOSS,AWAY
64,977bc8b1f2af1b4b222d62fed76d3f5dc8efbc5e9bbd2bf211751d73020ea911,13,Box Score(Team(Spartans) at Team(Miami Raters)),Team(Miami Raters),4,3,0,721.0,WIN,19.0,WIN,78.0,WIN,39.0,LOSS,159.0,LOSS,258.0,WIN,78.0,LOSS,Team(Spartans),3,4,0,487.0,LOSS,18.0,LOSS,49.0,LOSS,41.0,WIN,160.0,WIN,156.0,LOSS,63.0,WIN,HOME
65,ec13e6418a93a06042befcf196b8c1cc741e3537eadb858a4b94a180a4eb11bb,14,Box Score(Team(Porto Alegre Sacis) at Team(Dallas Sem Mavericks)),Team(Dallas Sem Mavericks),4,3,0,679.0,WIN,26.0,LOSS,71.0,LOSS,46.0,WIN,163.0,WIN,267.0,WIN,94.0,LOSS,Team(Porto Alegre Sacis),3,4,0,654.0,LOSS,38.0,WIN,83.0,WIN,36.0,LOSS,133.0,LOSS,235.0,LOSS,65.0,WIN,HOME
66,adf8706837578bd4b9ad6c9b8c6df630c95500658d70416bcdc91a82681ae3ce,14,Box Score(Team(Jamallers) at Team(Miami Raters)),Team(Miami Raters),6,1,0,586.0,WIN,25.0,WIN,77.0,WIN,39.0,WIN,128.0,WIN,171.0,WIN,61.0,LOSS,Team(Jamallers),1,6,0,407.0,LOSS,10.0,LOSS,37.0,LOSS,20.0,LOSS,121.0,LOSS,138.0,LOSS,48.0,WIN,HOME
67,bf4d27cde9ea329627a7a8ca3044cdb80d2aa6e0f16554d07155e3b362c5f486,14,Box Score(Team(Botafogo Trentini) at Team(Spartans)),Team(Spartans),1,6,0,579.0,LOSS,14.0,LOSS,53.0,LOSS,33.0,LOSS,143.0,LOSS,162.0,LOSS,63.0,WIN,Team(Botafogo Trentini),6,1,0,838.0,WIN,20.0,WIN,61.0,WIN,47.0,WIN,275.0,WIN,322.0,WIN,122.0,LOSS,AWAY
68,18613d22e74465562e192c73b3c152282d071db9ba32d2ddb9c0a43968175ca7,14,Box Score(Team(Pestana's) at Team(Team Squirtle)),Team(Team Squirtle),1,6,0,276.0,LOSS,15.0,LOSS,39.0,LOSS,12.0,LOSS,68.0,LOSS,112.0,LOSS,31.0,WIN,Team(Pestana's),6,1,0,601.0,WIN,29.0,WIN,54.0,WIN,30.0,WIN,131.0,WIN,205.0,WIN,76.0,LOSS,AWAY
69,19976ba02ea22d21b898765f804deca486c98579dbee0b2f5cc1ce123e6a8dbb,14,Box Score(Team(Red Devils) at Team(FlaLakers)),Team(FlaLakers),5,2,0,718.0,WIN,33.0,WIN,57.0,LOSS,62.0,WIN,154.0,WIN,286.0,WIN,79.0,LOSS,Team(Red Devils),2,5,0,654.0,LOSS,30.0,LOSS,58.0,WIN,25.0,LOSS,134.0,LOSS,206.0,LOSS,69.0,WIN,HOME
70,0e7df5d3cdd16d2ffa00b5c0e2b4ea855f77b2716c3768e74ae4174e39f82af8,15,Box Score(Team(Dallas Sem Mavericks) at Team(Jamallers)),Team(Jamallers),1,6,0,438.0,LOSS,8.0,LOSS,42.0,LOSS,19.0,LOSS,113.0,LOSS,138.0,LOSS,45.0,WIN,Team(Dallas Sem Mavericks),6,1,0,670.0,WIN,37.0,WIN,44.0,WIN,29.0,WIN,184.0,WIN,323.0,WIN,84.0,LOSS,AWAY
71,08f13bf014f5e9ed0e97155db7d47e3ef59b640d1fc4c4a784b4f72c9bd98f6b,15,Box Score(Team(Miami Raters) at Team(Botafogo Trentini)),Team(Botafogo Trentini),3,4,0,748.0,LOSS,14.0,LOSS,44.0,LOSS,37.0,LOSS,238.0,WIN,307.0,WIN,85.0,WIN,Team(Miami Raters),4,3,0,799.0,WIN,29.0,WIN,101.0,WIN,38.0,WIN,206.0,LOSS,244.0,LOSS,95.0,LOSS,AWAY
72,a82d2ea6396f5dbad86dce6cddfa65f235a65b5fa565fa8357a2d50f313c1501,15,Box Score(Team(Spartans) at Team(Pestana's)),Team(Pestana's),5,2,0,819.0,WIN,28.0,WIN,69.0,LOSS,44.0,WIN,177.0,WIN,253.0,WIN,79.0,LOSS,Team(Spartans),2,5,0,542.0,LOSS,18.0,LOSS,71.0,WIN,28.0,LOSS,150.0,LOSS,160.0,LOSS,64.0,WIN,HOME
73,5a713f4eb0e66f06d8b83b74d2534d960669e28c66d457bac5ff00d287cc2ac9,15,Box Score(Team(Team Squirtle) at Team(Red Devils)),Team(Red Devils),6,1,0,770.0,WIN,39.0,WIN,78.0,WIN,27.0,WIN,150.0,WIN,230.0,WIN,76.0,LOSS,Team(Team Squirtle),1,6,0,391.0,LOSS,20.0,LOSS,48.0,LOSS,18.0,LOSS,87.0,LOSS,132.0,LOSS,43.0,WIN,HOME
74,b8de57a5542c97cff9ccf41d16ad54583f35978481f687558fc982c1dd4afd42,15,Box Score(Team(FlaLakers) at Team(Porto Alegre Sacis)),Team(Porto Alegre Sacis),3,4,0,554.0,LOSS,24.0,LOSS,75.0,WIN,31.0,LOSS,140.0,WIN,163.0,LOSS,56.0,WIN,Team(FlaLakers),4,3,0,698.0,WIN,25.0,WIN,68.0,LOSS,44.0,WIN,133.0,LOSS,280.0,WIN,80.0,LOSS,AWAY
75,e68266aae93d8a7b2ba0da0062dc2f9dd74e99bc038ae367b8a134724401e2f8,16,Box Score(Team(Botafogo Trentini) at Team(Dallas Sem Mavericks)),Team(Dallas Sem Mavericks),2,4,1,100.0,LOSS,5.0,LOSS,10.0,WIN,9.0,TIE,31.0,LOSS,31.0,LOSS,14.0,WIN,Team(Botafogo Trentini),4,2,1,153.0,WIN,6.0,WIN,6.0,LOSS,9.0,TIE,52.0,WIN,68.0,WIN,20.0,LOSS,UNDECIDED
76,53ad1259e76e09a103d30c718cd1eac487ddea201237a5f07dcfefb7b283762d,16,Box Score(Team(Pestana's) at Team(Miami Raters)),Team(Miami Raters),4,3,0,112.0,LOSS,5.0,WIN,17.0,WIN,8.0,WIN,29.0,WIN,26.0,LOSS,15.0,LOSS,Team(Pestana's),3,4,0,158.0,WIN,4.0,LOSS,15.0,LOSS,1.0,LOSS,23.0,LOSS,29.0,WIN,8.0,WIN,UNDECIDED
77,a2ccf5ef8afe5b89d1b19bff9012dc1a19c83e13d40845d60f605cdedbe291de,16,Box Score(Team(Red Devils) at Team(Spartans)),Team(Spartans),1,6,0,47.0,LOSS,0.0,LOSS,5.0,LOSS,3.0,LOSS,12.0,LOSS,12.0,LOSS,6.0,WIN,Team(Red Devils),6,1,0,256.0,WIN,8.0,WIN,16.0,WIN,8.0,WIN,50.0,WIN,63.0,WIN,16.0,LOSS,UNDECIDED
78,ea57fc1235fc8478b47de51eedba6e7b221e4a1cd7f3506b93700b0de673b0cc,16,Box Score(Team(Porto Alegre Sacis) at Team(Team Squirtle)),Team(Team Squirtle),1,6,0,46.0,LOSS,0.0,LOSS,4.0,LOSS,3.0,LOSS,10.0,LOSS,10.0,LOSS,3.0,WIN,Team(Porto Alegre Sacis),6,1,0,113.0,WIN,5.0,WIN,16.0,WIN,8.0,WIN,17.0,WIN,35.0,WIN,10.0,LOSS,UNDECIDED
79,e6211cacdf69442ad421082c68caf6f360473eb9254f8f9cd850df3b4e40ae27,16,Box Score(Team(Jamallers) at Team(FlaLakers)),Team(FlaLakers),6,1,0,165.0,WIN,12.0,WIN,13.0,WIN,8.0,WIN,23.0,WIN,57.0,WIN,21.0,LOSS,Team(Jamallers),1,6,0,74.0,LOSS,2.0,LOSS,5.0,LOSS,4.0,LOSS,22.0,LOSS,26.0,LOSS,7.0,WIN,UNDECIDED
